username,profile_url,followers,avg_views,max_views,posts,category
taylorswift,https://www.instagram.com/taylorswift/,273562840,15037095,21621366,708,生活日常
lalalalisa_m,https://www.instagram.com/lalalalisa_m/,106013143,9215811,11193890,1226,名人明星
zendaya,https://www.instagram.com/zendaya/,176628050,8795008,17683363,3511,名人明星
sooyaaa__,https://www.instagram.com/sooyaaa__/,80106305,4185636,4185636,1341,名人明星
roses_are_rosie,https://www.instagram.com/roses_are_rosie/,83205201,3283419,3283419,1216,名人明星
jennyhan,https://www.instagram.com/jennyhan/,3434710,2998354,6225507,1846,生活日常
arianagrande,https://www.instagram.com/arianagrande/,363286189,2793140,6469116,565,生活日常
cozycornerkai,https://www.instagram.com/cozycornerkai/,362678,1114301,8814404,649,家居生活
laurenwolfe,https://www.instagram.com/laurenwolfe/,547417,907519,5177249,951,生活日常
leejung_lee,https://www.instagram.com/leejung_lee/,2591072,805830,2283759,388,生活日常
hankimmel,https://www.instagram.com/hankimmel/,65641,666581,3388447,239,生活日常
f1,https://www.instagram.com/f1/,43501583,661479,1509987,33909,音乐娱乐
alysaxliu,https://www.instagram.com/alysaxliu/,8358652,633852,633852,192,生活日常
need4lspeed,https://www.instagram.com/need4lspeed/,2582105,618793,1662685,770,生活日常
kirstendodgen,https://www.instagram.com/kirstendodgen/,1614984,548242,2050040,397,生活日常
blkcosmeticsph,https://www.instagram.com/blkcosmeticsph/,504351,478397,707886,2992,美妆护肤
mijindonp,https://www.instagram.com/mijindonp/,60954,471178,4311148,839,生活日常
disneycruiseline,https://www.instagram.com/disneycruiseline/,2125482,441268,2364067,1596,音乐娱乐
mosseri,https://www.instagram.com/mosseri/,4018311,347761,1759387,1355,生活日常
operation_niki,https://www.instagram.com/operation_niki/,5321257,343268,2133614,743,生活日常
cams_florentino,https://www.instagram.com/cams_florentino/,79279,260006,1403184,266,生活日常
savpalacio,https://www.instagram.com/savpalacio/,462685,196928,1412506,842,生活日常
teresalaucar,https://www.instagram.com/teresalaucar/,1868260,187368,287723,2722,生活日常
rbonneynola,https://www.instagram.com/rbonneynola/,1169422,172196,1177954,1252,生活日常
rarebeauty,https://www.instagram.com/rarebeauty/,8643879,142210,387855,5048,美妆护肤
gforce_mykag,https://www.instagram.com/gforce_mykag/,63042,137791,1077891,6527,生活日常
lilbieber,https://www.instagram.com/lilbieber/,287040004,132633,176277,8970,生活日常
sephora,https://www.instagram.com/sephora/,22672816,128922,387984,8816,生活日常
warbyparker,https://www.instagram.com/warbyparker/,607003,122250,353611,5076,生活日常
sweetnsourpodcast,https://www.instagram.com/sweetnsourpodcast/,180181,121801,502086,367,音乐娱乐
agenomicsphd,https://www.instagram.com/agenomicsphd/,315250,97469,564588,295,生活日常
hatchforsleep,https://www.instagram.com/hatchforsleep/,243395,90777,545184,1471,家居生活
_rosetanaka,https://www.instagram.com/_rosetanaka/,57575,89041,731907,222,生活日常
morgansandiego,https://www.instagram.com/morgansandiego/,385947,82436,662463,2899,生活日常
logitech,https://www.instagram.com/logitech/,872221,74849,280059,2412,数码科技
amayaelizabeth_,https://www.instagram.com/amayaelizabeth_/,2738344,70543,373005,240,生活日常
katrina_dimaranan,https://www.instagram.com/katrina_dimaranan/,156568,67758,133650,562,名人明星
yulingwu,https://www.instagram.com/yulingwu/,201892,66934,270334,827,生活日常
mara.mcginnis,https://www.instagram.com/mara.mcginnis/,56107,62293,169865,208,生活日常
janetrosee,https://www.instagram.com/janetrosee/,476514,61998,111190,322,生活日常
chloe.shih,https://www.instagram.com/chloe.shih/,1148581,60549,140460,897,生活日常
heillyraices,https://www.instagram.com/heillyraices/,213487,60436,253297,723,生活日常
patrickstarrr,https://www.instagram.com/patrickstarrr/,4157976,58427,97602,3926,生活日常
pereylierge,https://www.instagram.com/pereylierge/,270823,57856,143171,153,美妆护肤
girlset,https://www.instagram.com/girlset/,1134856,54068,207961,653,生活日常
clockedoutdinks,https://www.instagram.com/clockedoutdinks/,99323,51532,494678,1349,生活日常
sanamiee,https://www.instagram.com/sanamiee/,433192,46297,520721,565,生活日常
amazonhome,https://www.instagram.com/amazonhome/,5701407,41997,125558,6129,家居生活
yanaaaaaak,https://www.instagram.com/yanaaaaaak/,70518,39929,150155,785,生活日常
wearfigs,https://www.instagram.com/wearfigs/,1696249,35320,63411,3788,生活日常
samsungmobileusa,https://www.instagram.com/samsungmobileusa/,1442136,34616,172268,30,数码科技
missynjohnson,https://www.instagram.com/missynjohnson/,1531043,32397,93388,290,生活日常
abercrombie,https://www.instagram.com/abercrombie/,5020682,32022,39513,6232,生活日常
rundisney,https://www.instagram.com/rundisney/,878739,31298,80524,2451,健身健康
nyxcosmetics,https://www.instagram.com/nyxcosmetics/,14110029,27588,101121,11569,美妆护肤
dealcheats,https://www.instagram.com/dealcheats/,120337,27576,122515,167,生活日常
heysandylin,https://www.instagram.com/heysandylin/,66122,25608,215802,1894,生活日常
sophiacuerquis,https://www.instagram.com/sophiacuerquis/,558185,25605,65770,1255,生活日常
sonyelectronics,https://www.instagram.com/sonyelectronics/,7881939,22617,90291,3604,数码科技
iamsooyounlee,https://www.instagram.com/iamsooyounlee/,174996,21265,70667,1091,生活日常
wisteriem,https://www.instagram.com/wisteriem/,74575,20736,161932,736,生活日常
katebartlett,https://www.instagram.com/katebartlett/,548457,19565,109286,1425,生活日常
amazonfashion,https://www.instagram.com/amazonfashion/,4386726,19135,31761,7152,时尚穿搭
nespressousa,https://www.instagram.com/nespressousa/,358690,18956,118006,2262,美食
ciara_melle,https://www.instagram.com/ciara_melle/,105901,15795,156113,1266,生活日常
beis,https://www.instagram.com/beis/,1396159,14378,72840,62,生活日常
thejaycee_,https://www.instagram.com/thejaycee_/,204275,13892,47082,361,生活日常
waltdisneyworld,https://www.instagram.com/waltdisneyworld/,9358163,12876,37435,2492,音乐娱乐
omniluxled,https://www.instagram.com/omniluxled/,283036,12758,36368,1261,家居生活
tracie.lovex,https://www.instagram.com/tracie.lovex/,102011,12136,48100,278,生活日常
goldenmirmy,https://www.instagram.com/goldenmirmy/,59703,11040,72153,1026,生活日常
alice.journeyy,https://www.instagram.com/alice.journeyy/,258032,10716,45301,278,旅行
itsyuyann,https://www.instagram.com/itsyuyann/,407711,10253,25183,1412,生活日常
michellegraviet,https://www.instagram.com/michellegraviet/,58059,9790,60004,388,生活日常
krissyonfire,https://www.instagram.com/krissyonfire/,61399,8625,51144,203,生活日常
allthingsjudyy,https://www.instagram.com/allthingsjudyy/,1058877,7187,27255,567,生活日常
rachelkaejenkins,https://www.instagram.com/rachelkaejenkins/,471750,6899,30028,1783,生活日常
eighthmermaid,https://www.instagram.com/eighthmermaid/,405614,5160,14432,3224,生活日常
