username,profile_url
dondd.on,https://www.instagram.com/dondd.on/
_yuhong7691,https://www.instagram.com/_yuhong7691/
austinxtsol,https://www.instagram.com/austinxtsol/
himiss_han,https://www.instagram.com/himiss_han/
kethmpolished,https://www.instagram.com/kethmpolished/
service95bookclub,https://www.instagram.com/service95bookclub/
cindyxinnn_,https://www.instagram.com/cindyxinnn_/
mi_elskincare,https://www.instagram.com/mi_elskincare/
petitedonuttt,https://www.instagram.com/petitedonuttt/
oo_zxy_oo,https://www.instagram.com/oo_zxy_oo/
lalalalisa_m,https://www.instagram.com/lalalalisa_m/
gininteacup,https://www.instagram.com/gininteacup/
mingsanhealing,https://www.instagram.com/mingsanhealing/
mia_yilin_,https://www.instagram.com/mia_yilin_/
margottjames,https://www.instagram.com/margottjames/
jadedlindin,https://www.instagram.com/jadedlindin/
herapatrabeauty,https://www.instagram.com/herapatrabeauty/
brittneemei,https://www.instagram.com/brittneemei/
scented_stranger,https://www.instagram.com/scented_stranger/
hanyul_ca,https://www.instagram.com/hanyul_ca/
sabrinaprimel_,https://www.instagram.com/sabrinaprimel_/
hoteleventi,https://www.instagram.com/hoteleventi/
balletcafeto,https://www.instagram.com/balletcafeto/
xingjojo,https://www.instagram.com/xingjojo/
hungvanngobeauty,https://www.instagram.com/hungvanngobeauty/
darkhorsecafe,https://www.instagram.com/darkhorsecafe/
itsalekswithak,https://www.instagram.com/itsalekswithak/
accentandco_,https://www.instagram.com/accentandco_/
mandy.ess,https://www.instagram.com/mandy.ess/
littleqqabbiett,https://www.instagram.com/littleqqabbiett/
victoriassecret,https://www.instagram.com/victoriassecret/
merajlikemirage,https://www.instagram.com/merajlikemirage/
thewell_to,https://www.instagram.com/thewell_to/
vitadigio,https://www.instagram.com/vitadigio/
onegramcoffeebar,https://www.instagram.com/onegramcoffeebar/
alymacmillan,https://www.instagram.com/alymacmillan/
ccccc.cn,https://www.instagram.com/ccccc.cn/
iamsunzhihui,https://www.instagram.com/iamsunzhihui/
bloomsupps,https://www.instagram.com/bloomsupps/
xuintoronto,https://www.instagram.com/xuintoronto/
iope_canada,https://www.instagram.com/iope_canada/
fromsabyang,https://www.instagram.com/fromsabyang/
thedaiolife,https://www.instagram.com/thedaiolife/
allie_hamadani,https://www.instagram.com/allie_hamadani/
niaa.papayaa,https://www.instagram.com/niaa.papayaa/
z__xue,https://www.instagram.com/z__xue/
houseofdohwa,https://www.instagram.com/houseofdohwa/
sandydianabang,https://www.instagram.com/sandydianabang/
tusktribe,https://www.instagram.com/tusktribe/
carriew2323,https://www.instagram.com/carriew2323/
e.lyuu,https://www.instagram.com/e.lyuu/
sian.duggan,https://www.instagram.com/sian.duggan/
jia_zhang,https://www.instagram.com/jia_zhang/
frankiecertosimo,https://www.instagram.com/frankiecertosimo/
alo,https://www.instagram.com/alo/
nerrabody,https://www.instagram.com/nerrabody/
neeti.sharma,https://www.instagram.com/neeti.sharma/
biodance_official,https://www.instagram.com/biodance_official/
by.jasminkaila,https://www.instagram.com/by.jasminkaila/
publichotels,https://www.instagram.com/publichotels/
jessica.lea.cf,https://www.instagram.com/jessica.lea.cf/
sooyaaa__,https://www.instagram.com/sooyaaa__/
flyingbooks_to,https://www.instagram.com/flyingbooks_to/
bookcityto,https://www.instagram.com/bookcityto/
andyyyen,https://www.instagram.com/andyyyen/
selena_nb,https://www.instagram.com/selena_nb/
phephe,https://www.instagram.com/phephe/
drannieblack,https://www.instagram.com/drannieblack/
yenapae,https://www.instagram.com/yenapae/
kaerukeki,https://www.instagram.com/kaerukeki/
nespresso.ca,https://www.instagram.com/nespresso.ca/
grandcoralbeach,https://www.instagram.com/grandcoralbeach/
dy.chenn,https://www.instagram.com/dy.chenn/
apexpr,https://www.instagram.com/apexpr/
iamthesomehow,https://www.instagram.com/iamthesomehow/
madehotels,https://www.instagram.com/madehotels/
seed,https://www.instagram.com/seed/
chrissiepschan,https://www.instagram.com/chrissiepschan/
weare.middlechild,https://www.instagram.com/weare.middlechild/
neutrogenacanada,https://www.instagram.com/neutrogenacanada/
skinbybrittanyyy,https://www.instagram.com/skinbybrittanyyy/
solis.movement,https://www.instagram.com/solis.movement/
nicole_pamelaaa,https://www.instagram.com/nicole_pamelaaa/
gracefarmsct,https://www.instagram.com/gracefarmsct/
nomoriginals,https://www.instagram.com/nomoriginals/
lancomeofficial,https://www.instagram.com/lancomeofficial/
aleahbalas,https://www.instagram.com/aleahbalas/
vnssoh,https://www.instagram.com/vnssoh/
ufocaller,https://www.instagram.com/ufocaller/
cozywithkiki_,https://www.instagram.com/cozywithkiki_/
reprisehealth,https://www.instagram.com/reprisehealth/
nkpr.inc,https://www.instagram.com/nkpr.inc/
cozey,https://www.instagram.com/cozey/
shoppersdrugmart,https://www.instagram.com/shoppersdrugmart/
goahairsalon_emily,https://www.instagram.com/goahairsalon_emily/
eatmezcla,https://www.instagram.com/eatmezcla/
drgroothair,https://www.instagram.com/drgroothair/
mariobadescu_ca,https://www.instagram.com/mariobadescu_ca/
alysschacon_,https://www.instagram.com/alysschacon_/
victorianigro,https://www.instagram.com/victorianigro/
ais.hwarya,https://www.instagram.com/ais.hwarya/
miarose_mcgrath,https://www.instagram.com/miarose_mcgrath/
byallmeens,https://www.instagram.com/byallmeens/
lizesoteric,https://www.instagram.com/lizesoteric/
leniklum,https://www.instagram.com/leniklum/
janegill_pr,https://www.instagram.com/janegill_pr/
lamer,https://www.instagram.com/lamer/
kamilahhx,https://www.instagram.com/kamilahhx/
apmmonaco,https://www.instagram.com/apmmonaco/
ivy.coffeeshop,https://www.instagram.com/ivy.coffeeshop/
willliwonka,https://www.instagram.com/willliwonka/
theshrinkstudio,https://www.instagram.com/theshrinkstudio/
louiburke,https://www.instagram.com/louiburke/
blissful_banyan,https://www.instagram.com/blissful_banyan/
mayyacherepova,https://www.instagram.com/mayyacherepova/
sweatandtonic,https://www.instagram.com/sweatandtonic/
dr.altheaglobal,https://www.instagram.com/dr.altheaglobal/
george_xiao_,https://www.instagram.com/george_xiao_/
purgumco,https://www.instagram.com/purgumco/
m2.hvn,https://www.instagram.com/m2.hvn/
moon,https://www.instagram.com/moon/
aircanada,https://www.instagram.com/aircanada/
pradabeauty,https://www.instagram.com/pradabeauty/
moon.flower.reiki,https://www.instagram.com/moon.flower.reiki/
caitlin_cheung,https://www.instagram.com/caitlin_cheung/
glo.ssary,https://www.instagram.com/glo.ssary/
manindersachdeva,https://www.instagram.com/manindersachdeva/
rhode,https://www.instagram.com/rhode/
myskinisglass,https://www.instagram.com/myskinisglass/
moxychelsea,https://www.instagram.com/moxychelsea/
yslbeauty,https://www.instagram.com/yslbeauty/
ze_yi_lin,https://www.instagram.com/ze_yi_lin/
nbotoronto,https://www.instagram.com/nbotoronto/
florianabettibindi,https://www.instagram.com/florianabettibindi/
blendprcom,https://www.instagram.com/blendprcom/
gilthegrid,https://www.instagram.com/gilthegrid/
dear.d1ry,https://www.instagram.com/dear.d1ry/
chinteastudio,https://www.instagram.com/chinteastudio/
drjart,https://www.instagram.com/drjart/
vijayd7,https://www.instagram.com/vijayd7/
dermatica.skin,https://www.instagram.com/dermatica.skin/
pageswithash,https://www.instagram.com/pageswithash/
byamandapink,https://www.instagram.com/byamandapink/
fstoronto,https://www.instagram.com/fstoronto/
bubble,https://www.instagram.com/bubble/
pomfie_official,https://www.instagram.com/pomfie_official/
ky_tong9,https://www.instagram.com/ky_tong9/
meteor_nail_spa,https://www.instagram.com/meteor_nail_spa/
lysong1821,https://www.instagram.com/lysong1821/
lena_yewon,https://www.instagram.com/lena_yewon/
celinekiimm,https://www.instagram.com/celinekiimm/
vlogwithcara_,https://www.instagram.com/vlogwithcara_/
eeelleeennnaaa_,https://www.instagram.com/eeelleeennnaaa_/
archerhotelnewyork,https://www.instagram.com/archerhotelnewyork/
sephoracanada,https://www.instagram.com/sephoracanada/
forbesunder30,https://www.instagram.com/forbesunder30/
yinyinyouci,https://www.instagram.com/yinyinyouci/
ludlowhotelnyc,https://www.instagram.com/ludlowhotelnyc/
julesparkles,https://www.instagram.com/julesparkles/
axisy_official,https://www.instagram.com/axisy_official/
niveacanada,https://www.instagram.com/niveacanada/
makeupbyanitaleung,https://www.instagram.com/makeupbyanitaleung/
vicky_zzzzzzz,https://www.instagram.com/vicky_zzzzzzz/
califiafarms,https://www.instagram.com/califiafarms/
aesthetically.daria,https://www.instagram.com/aesthetically.daria/
arsimeren,https://www.instagram.com/arsimeren/
velush.aesthetic,https://www.instagram.com/velush.aesthetic/
siuday__,https://www.instagram.com/siuday__/
lilbieber,https://www.instagram.com/lilbieber/
marbella_canada,https://www.instagram.com/marbella_canada/
pendrymanhattanwest,https://www.instagram.com/pendrymanhattanwest/
tulipshades,https://www.instagram.com/tulipshades/
g.gomm,https://www.instagram.com/g.gomm/
geer.than,https://www.instagram.com/geer.than/
thechrustal,https://www.instagram.com/thechrustal/
merit,https://www.instagram.com/merit/
katia.iefymova,https://www.instagram.com/katia.iefymova/
beautyofjoseon_official,https://www.instagram.com/beautyofjoseon_official/
briannajorgensenn,https://www.instagram.com/briannajorgensenn/
libraryhotel,https://www.instagram.com/libraryhotel/
jackiedymondskin,https://www.instagram.com/jackiedymondskin/
acehotelbrooklyn,https://www.instagram.com/acehotelbrooklyn/
meetnori,https://www.instagram.com/meetnori/
livedrops.247,https://www.instagram.com/livedrops.247/
ugc.jasy,https://www.instagram.com/ugc.jasy/
snatchedbykubes,https://www.instagram.com/snatchedbykubes/
evie.officially,https://www.instagram.com/evie.officially/
abib.global,https://www.instagram.com/abib.global/
pouyaa.fss,https://www.instagram.com/pouyaa.fss/
indigowilliamsburgbk,https://www.instagram.com/indigowilliamsburgbk/
biodermacanada,https://www.instagram.com/biodermacanada/
mixsoon_official,https://www.instagram.com/mixsoon_official/
theordinary,https://www.instagram.com/theordinary/
beautybybanda_,https://www.instagram.com/beautybybanda_/
narjisseglow,https://www.instagram.com/narjisseglow/
celestialtea,https://www.instagram.com/celestialtea/
katherinesaje,https://www.instagram.com/katherinesaje/
cliniquecanada,https://www.instagram.com/cliniquecanada/
womenwhonetwork.ca,https://www.instagram.com/womenwhonetwork.ca/
tessnguyen_,https://www.instagram.com/tessnguyen_/
elsasappetite,https://www.instagram.com/elsasappetite/
celebritips_official,https://www.instagram.com/celebritips_official/
sundaecreativeagency,https://www.instagram.com/sundaecreativeagency/
jacqisdiary,https://www.instagram.com/jacqisdiary/
suave,https://www.instagram.com/suave/
nuriella.ma,https://www.instagram.com/nuriella.ma/
moroccanoil,https://www.instagram.com/moroccanoil/
lindtcanada,https://www.instagram.com/lindtcanada/
nespresso,https://www.instagram.com/nespresso/
itsmayaanne,https://www.instagram.com/itsmayaanne/
lifewithruzi,https://www.instagram.com/lifewithruzi/
tara.wilson22,https://www.instagram.com/tara.wilson22/
josiemaran,https://www.instagram.com/josiemaran/
pinterest,https://www.instagram.com/pinterest/
polinamtl,https://www.instagram.com/polinamtl/
juliawhite.98,https://www.instagram.com/juliawhite.98/
langtonpr,https://www.instagram.com/langtonpr/
silviousmua,https://www.instagram.com/silviousmua/
alexandraxcorrine,https://www.instagram.com/alexandraxcorrine/
tatcha,https://www.instagram.com/tatcha/
vichyusa,https://www.instagram.com/vichyusa/
verafied_official,https://www.instagram.com/verafied_official/
rarebeauty,https://www.instagram.com/rarebeauty/
iconstudiospace,https://www.instagram.com/iconstudiospace/
breathlessrivieracancun,https://www.instagram.com/breathlessrivieracancun/
carlyysarah,https://www.instagram.com/carlyysarah/
____kimwoobin,https://www.instagram.com/____kimwoobin/
lauraboron_,https://www.instagram.com/lauraboron_/
clarinscanada,https://www.instagram.com/clarinscanada/
larocheposay,https://www.instagram.com/larocheposay/
dajaasmr,https://www.instagram.com/dajaasmr/
izzy_aot,https://www.instagram.com/izzy_aot/
papier,https://www.instagram.com/papier/
brita.canada,https://www.instagram.com/brita.canada/
kathhsmithh,https://www.instagram.com/kathhsmithh/
oliviadobrovich,https://www.instagram.com/oliviadobrovich/
zinktalent,https://www.instagram.com/zinktalent/
young_emperors,https://www.instagram.com/young_emperors/
eucerin,https://www.instagram.com/eucerin/
naomibelhumeurcoupal,https://www.instagram.com/naomibelhumeurcoupal/
ahoislife,https://www.instagram.com/ahoislife/
bkind.products,https://www.instagram.com/bkind.products/
intelligentchange,https://www.instagram.com/intelligentchange/
repettoparis,https://www.instagram.com/repettoparis/
lunaroserituals,https://www.instagram.com/lunaroserituals/
bad_binch_tongtong,https://www.instagram.com/bad_binch_tongtong/
polene_paris,https://www.instagram.com/polene_paris/
youcefsahn,https://www.instagram.com/youcefsahn/
sajewellness,https://www.instagram.com/sajewellness/
annehathaway,https://www.instagram.com/annehathaway/
thegrazeanatomy,https://www.instagram.com/thegrazeanatomy/
branchfurniture,https://www.instagram.com/branchfurniture/
palaceresorts,https://www.instagram.com/palaceresorts/
atelierplayamujeres,https://www.instagram.com/atelierplayamujeres/
indigoluna.store,https://www.instagram.com/indigoluna.store/
cat.on_nip,https://www.instagram.com/cat.on_nip/
minaalexis_,https://www.instagram.com/minaalexis_/
yina.co,https://www.instagram.com/yina.co/
fongminliao,https://www.instagram.com/fongminliao/
laneigeca,https://www.instagram.com/laneigeca/
faulhaber.agency,https://www.instagram.com/faulhaber.agency/
anthropologie,https://www.instagram.com/anthropologie/
danichatz,https://www.instagram.com/danichatz/
kush_newatia,https://www.instagram.com/kush_newatia/
mariieclare,https://www.instagram.com/mariieclare/
rachel.schick,https://www.instagram.com/rachel.schick/
louishefeng,https://www.instagram.com/louishefeng/
dianaajih,https://www.instagram.com/dianaajih/
eberjey,https://www.instagram.com/eberjey/
caraway_home,https://www.instagram.com/caraway_home/
currentbody,https://www.instagram.com/currentbody/
mackenziechilds,https://www.instagram.com/mackenziechilds/
agcare1989,https://www.instagram.com/agcare1989/
ggenrrheault,https://www.instagram.com/ggenrrheault/
lauragalebe,https://www.instagram.com/lauragalebe/
chiaraplastina,https://www.instagram.com/chiaraplastina/
eakam_rikhi,https://www.instagram.com/eakam_rikhi/
cetaphilcanada,https://www.instagram.com/cetaphilcanada/
linadore.vl,https://www.instagram.com/linadore.vl/
lexie.lah,https://www.instagram.com/lexie.lah/
garniercan,https://www.instagram.com/garniercan/
wythehotel,https://www.instagram.com/wythehotel/
lunamontana,https://www.instagram.com/lunamontana/
shivaika,https://www.instagram.com/shivaika/
caudalieus,https://www.instagram.com/caudalieus/
csb,https://www.instagram.com/csb/
its_alless,https://www.instagram.com/its_alless/
theboujeebee_,https://www.instagram.com/theboujeebee_/
drinktheqi,https://www.instagram.com/drinktheqi/
_danicaquizon,https://www.instagram.com/_danicaquizon/
koreklover,https://www.instagram.com/koreklover/
milasmosaic,https://www.instagram.com/milasmosaic/
1hotel.bklynbridge,https://www.instagram.com/1hotel.bklynbridge/
zak_com,https://www.instagram.com/zak_com/
suiya_l,https://www.instagram.com/suiya_l/
anjali_handa,https://www.instagram.com/anjali_handa/
paishau,https://www.instagram.com/paishau/
bloomersto,https://www.instagram.com/bloomersto/
sweedbeauty,https://www.instagram.com/sweedbeauty/
xylooooon,https://www.instagram.com/xylooooon/
livingproofinc,https://www.instagram.com/livingproofinc/
touchland,https://www.instagram.com/touchland/
voguebeauty,https://www.instagram.com/voguebeauty/
tylerrdasilva_,https://www.instagram.com/tylerrdasilva_/
steviechong,https://www.instagram.com/steviechong/
juliagoryczko,https://www.instagram.com/juliagoryczko/
itsyourgirlshelina,https://www.instagram.com/itsyourgirlshelina/
__jahzmynn__,https://www.instagram.com/__jahzmynn__/
anua_kr,https://www.instagram.com/anua_kr/
mariobadescu,https://www.instagram.com/mariobadescu/
emilysugarman,https://www.instagram.com/emilysugarman/
lexprcanada,https://www.instagram.com/lexprcanada/
burtsbeesca,https://www.instagram.com/burtsbeesca/
acehoteltoronto,https://www.instagram.com/acehoteltoronto/
homesensecanada,https://www.instagram.com/homesensecanada/
cozyearth,https://www.instagram.com/cozyearth/
evelynhung_,https://www.instagram.com/evelynhung_/
anjix_,https://www.instagram.com/anjix_/
lovingourage,https://www.instagram.com/lovingourage/
sofiaadelgiudice,https://www.instagram.com/sofiaadelgiudice/
boutiqueblooms_ca,https://www.instagram.com/boutiqueblooms_ca/
adridiaries_,https://www.instagram.com/adridiaries_/
matinee.studio,https://www.instagram.com/matinee.studio/
andreascookies,https://www.instagram.com/andreascookies/
tyramaeofficial,https://www.instagram.com/tyramaeofficial/
byemmaleah,https://www.instagram.com/byemmaleah/
astoria_activewear,https://www.instagram.com/astoria_activewear/
actandacre,https://www.instagram.com/actandacre/
oribe,https://www.instagram.com/oribe/
tianavictoria,https://www.instagram.com/tianavictoria/
apmgirls,https://www.instagram.com/apmgirls/
cerave,https://www.instagram.com/cerave/
gracefarmsfoods,https://www.instagram.com/gracefarmsfoods/
nuxeca,https://www.instagram.com/nuxeca/
gabriellelamy,https://www.instagram.com/gabriellelamy/
itsdarianova,https://www.instagram.com/itsdarianova/
necessaire,https://www.instagram.com/necessaire/
z03_wong,https://www.instagram.com/z03_wong/
heena_mukhi,https://www.instagram.com/heena_mukhi/
azurfit,https://www.instagram.com/azurfit/
kevin_yu__,https://www.instagram.com/kevin_yu__/
xmaggiexueqi,https://www.instagram.com/xmaggiexueqi/
tokyotolagirl,https://www.instagram.com/tokyotolagirl/
ballerina.keira,https://www.instagram.com/ballerina.keira/
jinisnothere,https://www.instagram.com/jinisnothere/
victoria_repa,https://www.instagram.com/victoria_repa/
chloeabeth,https://www.instagram.com/chloeabeth/
samanthajaneyt,https://www.instagram.com/samanthajaneyt/
in___.my,https://www.instagram.com/in___.my/
lindseydruker,https://www.instagram.com/lindseydruker/
chuchu_cleo,https://www.instagram.com/chuchu_cleo/
kbeautymuse,https://www.instagram.com/kbeautymuse/
yourseasonslife,https://www.instagram.com/yourseasonslife/
onlyonemanassa,https://www.instagram.com/onlyonemanassa/
cozycornerkai,https://www.instagram.com/cozycornerkai/
plastiquetiara,https://www.instagram.com/plastiquetiara/
flowersbyjd,https://www.instagram.com/flowersbyjd/
winshi.wong,https://www.instagram.com/winshi.wong/
wildehousepaper,https://www.instagram.com/wildehousepaper/
belajuliana_,https://www.instagram.com/belajuliana_/
chrisckma,https://www.instagram.com/chrisckma/
yingredient,https://www.instagram.com/yingredient/
mialicewu,https://www.instagram.com/mialicewu/
elemis,https://www.instagram.com/elemis/
mominakq,https://www.instagram.com/mominakq/
nutribullet,https://www.instagram.com/nutribullet/
wellnesswithamrit,https://www.instagram.com/wellnesswithamrit/
abbeyyung,https://www.instagram.com/abbeyyung/
dove,https://www.instagram.com/dove/
1milk2sugarspr,https://www.instagram.com/1milk2sugarspr/
stephrobinnson,https://www.instagram.com/stephrobinnson/
clarinsusa,https://www.instagram.com/clarinsusa/
ohyouglow_,https://www.instagram.com/ohyouglow_/
meganvdbaars,https://www.instagram.com/meganvdbaars/
katerynafylypchuk,https://www.instagram.com/katerynafylypchuk/
natashankpr,https://www.instagram.com/natashankpr/
breakingbeautypodcast,https://www.instagram.com/breakingbeautypodcast/
ask_jacquie,https://www.instagram.com/ask_jacquie/
yolanibeauty,https://www.instagram.com/yolanibeauty/
alanaahewitt,https://www.instagram.com/alanaahewitt/
yinglunkkzhang,https://www.instagram.com/yinglunkkzhang/
nilanidurai,https://www.instagram.com/nilanidurai/
tiffany_wang0304,https://www.instagram.com/tiffany_wang0304/
ericaafung,https://www.instagram.com/ericaafung/
segenmisghina,https://www.instagram.com/segenmisghina/
terrence.goat,https://www.instagram.com/terrence.goat/
e.salko,https://www.instagram.com/e.salko/
patricia_j,https://www.instagram.com/patricia_j/
oppositewall,https://www.instagram.com/oppositewall/
kerastase_official,https://www.instagram.com/kerastase_official/
edgibenji,https://www.instagram.com/edgibenji/
lindazhu_,https://www.instagram.com/lindazhu_/
yezi.beauty,https://www.instagram.com/yezi.beauty/
rasandailyy,https://www.instagram.com/rasandailyy/
alisa.w__g,https://www.instagram.com/alisa.w__g/
pompandcirc,https://www.instagram.com/pompandcirc/
dalba_global,https://www.instagram.com/dalba_global/
martynaszalacka,https://www.instagram.com/martynaszalacka/
katiesnails_,https://www.instagram.com/katiesnails_/
lifewithaless_,https://www.instagram.com/lifewithaless_/
haileybieber,https://www.instagram.com/haileybieber/
graceekee,https://www.instagram.com/graceekee/
bicom_rp,https://www.instagram.com/bicom_rp/
whatpeoplearewearing,https://www.instagram.com/whatpeoplearewearing/
hilton.niagara,https://www.instagram.com/hilton.niagara/
kbeautylayover,https://www.instagram.com/kbeautylayover/
cocoandeve,https://www.instagram.com/cocoandeve/
such.a.sasha,https://www.instagram.com/such.a.sasha/
theouai,https://www.instagram.com/theouai/
carlenehiggins,https://www.instagram.com/carlenehiggins/
farmacybeauty,https://www.instagram.com/farmacybeauty/
sundayswithanna,https://www.instagram.com/sundayswithanna/
ellisbrooklyn,https://www.instagram.com/ellisbrooklyn/
prettylittlefawn,https://www.instagram.com/prettylittlefawn/
simplyfayx,https://www.instagram.com/simplyfayx/
tahmina.aziz,https://www.instagram.com/tahmina.aziz/
_leah16_,https://www.instagram.com/_leah16_/
loccitane,https://www.instagram.com/loccitane/
bemusedkorea,https://www.instagram.com/bemusedkorea/
congcongh,https://www.instagram.com/congcongh/
hotgirlenergypodcast,https://www.instagram.com/hotgirlenergypodcast/
rebeccariddlex,https://www.instagram.com/rebeccariddlex/
jasminsarakatariina,https://www.instagram.com/jasminsarakatariina/
livi_fe,https://www.instagram.com/livi_fe/
emilythebearrr,https://www.instagram.com/emilythebearrr/
sundaysfurniture,https://www.instagram.com/sundaysfurniture/
livsschmidt,https://www.instagram.com/livsschmidt/
hulu.maltipoo,https://www.instagram.com/hulu.maltipoo/
melrobbins,https://www.instagram.com/melrobbins/
theinkeylist,https://www.instagram.com/theinkeylist/
dermangelo,https://www.instagram.com/dermangelo/
gabriellaelio,https://www.instagram.com/gabriellaelio/
micahelgong,https://www.instagram.com/micahelgong/
autumncomm,https://www.instagram.com/autumncomm/
inoki_bathhouse,https://www.instagram.com/inoki_bathhouse/
jvnhair,https://www.instagram.com/jvnhair/
philipdeverne,https://www.instagram.com/philipdeverne/
laurenmugs,https://www.instagram.com/laurenmugs/
staciekeenanpr,https://www.instagram.com/staciekeenanpr/
andiiima,https://www.instagram.com/andiiima/
scashleyyoo,https://www.instagram.com/scashleyyoo/
sydneezora,https://www.instagram.com/sydneezora/
alyssabelletang,https://www.instagram.com/alyssabelletang/
hemali.mistry,https://www.instagram.com/hemali.mistry/
andrekadenblack,https://www.instagram.com/andrekadenblack/
soulsyncbody,https://www.instagram.com/soulsyncbody/
shadesofsoso,https://www.instagram.com/shadesofsoso/
glowrecipe,https://www.instagram.com/glowrecipe/
matchabae,https://www.instagram.com/matchabae/
petitefoodieee,https://www.instagram.com/petitefoodieee/
alexxlecuyer,https://www.instagram.com/alexxlecuyer/
harvharvv,https://www.instagram.com/harvharvv/
httpeanut,https://www.instagram.com/httpeanut/
daniellepheloung,https://www.instagram.com/daniellepheloung/
nancy.gif,https://www.instagram.com/nancy.gif/
macha.mov,https://www.instagram.com/macha.mov/
glambygilly,https://www.instagram.com/glambygilly/
dingbatsnotebooks,https://www.instagram.com/dingbatsnotebooks/
perstephaniesu,https://www.instagram.com/perstephaniesu/
laila_elnaggar,https://www.instagram.com/laila_elnaggar/
emilyrogs,https://www.instagram.com/emilyrogs/
liveaquacancun,https://www.instagram.com/liveaquacancun/
brookemason,https://www.instagram.com/brookemason/
macintyrecom,https://www.instagram.com/macintyrecom/
itslaurahowie,https://www.instagram.com/itslaurahowie/
wangjenniferr,https://www.instagram.com/wangjenniferr/
kimptonhoteltheta,https://www.instagram.com/kimptonhoteltheta/
belifcanada,https://www.instagram.com/belifcanada/
trovewellbeing,https://www.instagram.com/trovewellbeing/
carewithkate,https://www.instagram.com/carewithkate/
lifestyle.debi,https://www.instagram.com/lifestyle.debi/
tatlafata,https://www.instagram.com/tatlafata/
yiwlu_,https://www.instagram.com/yiwlu_/
baborofficial,https://www.instagram.com/baborofficial/
moxytimessquare,https://www.instagram.com/moxytimessquare/
studio____l___0,https://www.instagram.com/studio____l___0/
jasminlily_,https://www.instagram.com/jasminlily_/
lakejayd,https://www.instagram.com/lakejayd/
will_weiting,https://www.instagram.com/will_weiting/
chloezhaang,https://www.instagram.com/chloezhaang/
haileysani,https://www.instagram.com/haileysani/
fenuur,https://www.instagram.com/fenuur/
vousmevoyez,https://www.instagram.com/vousmevoyez/
nonoko_nov,https://www.instagram.com/nonoko_nov/
lemonsandlucy,https://www.instagram.com/lemonsandlucy/
livingluxemagazine,https://www.instagram.com/livingluxemagazine/
apj.bella,https://www.instagram.com/apj.bella/
joewoahy,https://www.instagram.com/joewoahy/
trishsips,https://www.instagram.com/trishsips/
alyse.nc,https://www.instagram.com/alyse.nc/
vegamour,https://www.instagram.com/vegamour/
sellespina,https://www.instagram.com/sellespina/
stratiscommunications,https://www.instagram.com/stratiscommunications/
garbo.zhu,https://www.instagram.com/garbo.zhu/
spiritdaughter,https://www.instagram.com/spiritdaughter/
laurenratner,https://www.instagram.com/laurenratner/
midnightmischiefsleepwear,https://www.instagram.com/midnightmischiefsleepwear/
lykkenaenfeldt,https://www.instagram.com/lykkenaenfeldt/
ft.angela,https://www.instagram.com/ft.angela/
reenalucas,https://www.instagram.com/reenalucas/
rinfolk,https://www.instagram.com/rinfolk/
oliviajade,https://www.instagram.com/oliviajade/
tarasigari,https://www.instagram.com/tarasigari/
monetzamora_,https://www.instagram.com/monetzamora_/
carrieanne_,https://www.instagram.com/carrieanne_/
milanicosmetics,https://www.instagram.com/milanicosmetics/
elainamich,https://www.instagram.com/elainamich/
francesca.golfetto,https://www.instagram.com/francesca.golfetto/
toryiabts,https://www.instagram.com/toryiabts/
annasbeautyworld_,https://www.instagram.com/annasbeautyworld_/
olafflee,https://www.instagram.com/olafflee/
mathilderavnc,https://www.instagram.com/mathilderavnc/
herapatra,https://www.instagram.com/herapatra/
pastels.by.payal,https://www.instagram.com/pastels.by.payal/
withloverifa,https://www.instagram.com/withloverifa/
stylekorean_global,https://www.instagram.com/stylekorean_global/
alena_yanchevskaya,https://www.instagram.com/alena_yanchevskaya/
mycozy_forest,https://www.instagram.com/mycozy_forest/
thelaurascarlat,https://www.instagram.com/thelaurascarlat/
kaelimaeee,https://www.instagram.com/kaelimaeee/
cleaningwithida,https://www.instagram.com/cleaningwithida/
serena_yangg,https://www.instagram.com/serena_yangg/
sellyttn,https://www.instagram.com/sellyttn/
djerfavenue,https://www.instagram.com/djerfavenue/
galiciagordon,https://www.instagram.com/galiciagordon/
kerina.wang,https://www.instagram.com/kerina.wang/
v.newyen.sanoubane,https://www.instagram.com/v.newyen.sanoubane/
noorieana,https://www.instagram.com/noorieana/
katie_sapegina,https://www.instagram.com/katie_sapegina/
bostickchen,https://www.instagram.com/bostickchen/
nyane,https://www.instagram.com/nyane/
chlogeddes,https://www.instagram.com/chlogeddes/
lushcosmetics,https://www.instagram.com/lushcosmetics/
alexbassanese,https://www.instagram.com/alexbassanese/
hungvanngo,https://www.instagram.com/hungvanngo/
activecactus,https://www.instagram.com/activecactus/
adrienhong,https://www.instagram.com/adrienhong/
scarlettz_en.25,https://www.instagram.com/scarlettz_en.25/
kimberlyyy.cat,https://www.instagram.com/kimberlyyy.cat/
slmissglam,https://www.instagram.com/slmissglam/
kangqiyaaaaa,https://www.instagram.com/kangqiyaaaaa/
sincerely.betty,https://www.instagram.com/sincerely.betty/
uglyducklingskincare,https://www.instagram.com/uglyducklingskincare/
_stephhunt,https://www.instagram.com/_stephhunt/
nabela,https://www.instagram.com/nabela/
lifethru.angie,https://www.instagram.com/lifethru.angie/
abigailmarpi,https://www.instagram.com/abigailmarpi/
sweetlikemocha,https://www.instagram.com/sweetlikemocha/
shrutislookbook,https://www.instagram.com/shrutislookbook/
moya,https://www.instagram.com/moya/
adeolak,https://www.instagram.com/adeolak/
alowellnessclub,https://www.instagram.com/alowellnessclub/
nhucuynh,https://www.instagram.com/nhucuynh/
jillhigginson,https://www.instagram.com/jillhigginson/
browcode,https://www.instagram.com/browcode/
ainsleydurose,https://www.instagram.com/ainsleydurose/
eviobeauty,https://www.instagram.com/eviobeauty/
queeningitclub,https://www.instagram.com/queeningitclub/
igcreatorscommunity,https://www.instagram.com/igcreatorscommunity/
thatgirlsophy,https://www.instagram.com/thatgirlsophy/
can_w_,https://www.instagram.com/can_w_/
lukyanova_natalii,https://www.instagram.com/lukyanova_natalii/
avec9899,https://www.instagram.com/avec9899/
sarahwangelz,https://www.instagram.com/sarahwangelz/